theme,size,terms,new_signals,new_representatives,pain,pull,momentum,push,patent_density,representatives,uspto_hits,whitespace,opportunity
13,29,"ai, voice, scam, italian, italy, ai voice, ai scam, intesa",0,[],29.791759469228055,0,0.9310344827586207,37,0,"['[news] AI voice scam hits Italian bank for €95 million - Cybernews', '[news] Scammers used an AI voice clone and a fake WhatsApp message to move €95 million out of an Italian bank - TechSpot', '[news] AI Scam Costs Italy’s Top Bank €95 Million; €53 Million Recovered - News Mobile', '[news] AI voice-cloning scam hits Italian bank: Fake executives trigger €95m overseas transfers - Gulf News', ""[news] Italy's top bank hit by an AI messaging scam which cost it nearly €100 million - TechRadar"", ""[news] AI messaging scam costs Italy's top bank Intesa millions, sources say - Reuters"", ""[news] AI Voice Cloning Fraud Drains Up to €95 Million From Italy's Fideuram - BigGo Finance"", '[news] Italy’s top bank loses millions due to AI scam: report - The Daily Star']",0,1.33993859349698,2.6785782560262366
27,74,"ai, fraud, scams, shopping, ai shopping, agents, warn, risks",1,"['[news, new] AI-Powered Attacks Put Korean Banks on Alert - varindia']",66.2034055210831,0,0.581081081081081,446,62,"['[news] Banks raise red flags over AI shopping bots and scam risks: What to know - The News International', '[news] Banks issue urgent warning using AI to shop online raises scam and fraud risks - The Independent', '[news] Banks warn AI shopping bots raise scam, fraud and data-privacy risks - Reuters', '[news] Bank of America warns AI shopping bots could expose you to fraud - Yahoo Tech', '[news] Banks Flag Scam, Fraud Risks As AI Shopping Agents Take Over Online Buying - News Mobile', '[news] Two banks warn AI shopping bots can be used by scammers - ConsumerAffairs', '[news] Big banks are worried AI agents could increase the risk of scams and fraud - sea.mashable.com', '[news] AI Shopping Agents Raise New Fraud and Payment Risks for Banks - The420.in']",25,-0.18315246602068375,1.4665989767051175
14,17,"act, genius, genius act, stablecoin, issuers, proposes, payment stablecoin, establishing",0,[],0.0,9,0.5882352941176471,38,8,"['[regulation] GENIUS Act Requirements and Standards for FDIC-Supervised Permitted Payment Stablecoin Issuers and Insured Depository Institutions', '[regulation] GENIUS Act Regulations on Payment Stablecoin Issuance, Offer, and Sale', '[news] Fed proposes GENIUS Act rules for stablecoin reserves and bank issuers - Crypto News', '[regulation] Permitted Payment Stablecoin Issuer Customer Identification Program', '[news] Fed proposes stablecoin rules under GENIUS Act - americanbanker.com', '[regulation] Application Procedures for Board-Supervised Insured Depository Institutions Seeking Approval for a Subsidiary To Issue Payment Stablecoins', ""[regulation] Implementing the Federal Reserve Board's Responsibilities Under the GENIUS Act"", '[regulation] Forms and Procedures for Review of State Certifications by the Stablecoin Certification Review Committee']",0,0.8204227405374485,1.2563332986639522
21,30,"fraud, protect, scams, insurance, fraud ff, global, visa, ff",3,"[""[post, new] Visa, Mastercard, major banks facing new litigation over 'anticompetitive' fees"", '[news, new] Ex-Barclays bankers have ther interest rate fraud convictions overturned - upi', '[news, new] A hidden feature in iOS 27 to protect you from financial fraud: What is it and how does it work? - آي-فون إسلام']",24.0,0,0.4,283,86,"['[news] Ontario woman loses $800,000 to bank investigator scam after fake fraud alert drained her savings and life insurance - Yahoo! Finance Canada', '[news] Visa Launches Enhanced A2A Protect Innovations to Help Financial Institutions Stop Fraud Before Money Leaves Accounts - ANI News', '[news] Visa Turns A2A Fraud Risk Into a New Growth Opportunity - Yahoo Finance', '[news] Gen Z Canadians face disproportionate payment fraud risk, with nearly half experiencing scams in the past 12 months, reveals new Payments Ca', ""[post] Visa, Mastercard, major banks facing new litigation over 'anticompetitive' fees"", '[news] Citi and HSBC Back IPID’s $16M Series A to Combat Global Instant Payment Fraud - FF News', '[news] France fraud losses hit €1.24bn as ‘fake bank adviser’ scams soar - The Connexion', '[news] Visa Enhances A2A Protect with Featurespace Tech to Combat Account-to-Account Fraud - FF News']",0,0.2840109976412607,1.0219435913948958
4,51,"information, report, debt, incorrect, investigation, information report, incorrect information, company investigation",0,[],2235.3709755798873,0,0.0,0,1,"['[complaint_trend] [CFPB 1,415,102 complaints, lift 1.04] Incorrect information on your report', '[complaint_trend] [CFPB 306,354 complaints, lift 1.24] Incorrect information on your report: Account information incorrect', ""[complaint_trend] [CFPB 2,046 complaints, lift 0.27] Written notification about debt: Notification didn't disclose it was an attempt to collect a debt"", '[complaint_trend] [CFPB 363,674 complaints, lift 0.87] Improper use of your report: Reporting company used your report improperly', '[complaint_trend] [CFPB 120,699 complaints, lift 0.99] Incorrect information on your report: Account status incorrect', '[complaint_trend] [CFPB 12,970 complaints, lift 0.78] Incorrect information on your report: Information is missing that should be on the report', '[complaint_trend] [CFPB 828 complaints, lift 0.72] Incorrect information on your report: Information is incorrect', ""[complaint_trend] [CFPB 990 complaints, lift 0.95] Problem with a company's investigation into an existing issue: Their investigation did not fix an error on ""]",50,0.5201847486191842,0.8931617291732649
17,65,"reserve, fdic, regulation, corporation, statement, announces, comment, credit",2,"['[regulation, new] Loans to Executive Officers, Directors, and Principal Shareholders of Member Banks: Bank Holding Companies', '[news, new] Fed consolidates bank supervision structure']",0.0,45,0.2,132,23,"['[regulation] Loans to Executive Officers, Directors, and Principal Shareholders of Member Banks: Bank Holding Companies', '[regulation] Disclosure of Information', '[regulation] Proposed Revisions to the Federal Reserve Policy on Payment System Risk and the Guidelines for Account and Services Requests', '[regulation] Merger Transactions', '[regulation] Regulatory Capital Rule: Category I and II Banking Organizations, Banking Organizations With Significant Trading Activity, and Optional Adop', '[regulation] Small Business Lending Under the Equal Credit Opportunity Act (Regulation B)', '[regulation] Regulation D: Reserve Requirements of Depository Institutions', '[regulation] Statement on Ability To Repay and Immigration Status']",139,-0.23579795685084962,0.7539156532160596
20,77,"agentic, payments, commerce, agentic commerce, agentic payments, ai, trust, finance",3,"['[news, new] Agentic payments expose blind spots in fraud controls - FinTech Global', '[news, new] How sustainability information could become part of the payment itself', '[news, new] Stuut cashes in on agentic order-to-cash automation with $52.5M in funding - SiliconANGLE']",3.0,0,0.7012987012987013,1001,470,"['[news] The next phase of payments: Preparing for the rise of agentic commerce - FinTech Futures', '[news] Can Banks Adapt to a New Age of Agentic Commerce and Tokenized Money?', '[news] The rise of agentic payments: When treasury systems become autonomous bankers - Capgemini', '[news] Can Banks Adapt to a New Age of Agentic Commerce and Tokenized Money? - Finextra Research', '[news] Agentic AI meets payments: The new standard for intelligence in banking - Finextra Research', '[news] Agentic commerce: Is Payments the winner this time? - Yahoo Finance', '[news] Layer One: Agentic payments could cause a new blockchain scalability crunch - The Block', '[news] FIDO wrestles with agentic trust']",0,-0.11532746603086574,0.6019683772800518
26,22,"fraud, cyber, police, cyber fraud, scam, upi, fake, arrest",1,"['[news, new] Cyber Crime in India 2026: What Victims Should Do After Online Fraud and What Happens When a Bank Account Is Frozen - India CSR']",19.0,0,0.45454545454545453,20,0,"['[news] Keralam Police warn of fake hospital apps stealing OTPs and UPI money - India Today', '[news] What is ‘frozen-screen UPI scam’ used by fraudsters to dupe people; Himachal police issue advisory - The Tribune', '[news] India Post Scam Alert: Fake Address Update Links Can Steal Bank Details, UPI PIN, Police Warns - LatestLY', '[news] Kerala Police Issue Advisory Against Fake Hospital Appointment App Scam Targeting UPI Users - LatestLY', '[news] Cyber Crime & Online Fraud in India: UPI Fraud, Hacking & Digital Arrest - Legal Service India', '[news] Rs 1.19 Lakh cyber fraud racket busted in Delhi; four posing as Axis Bank officials arrested - The Hans India', '[news] Retd official duped of ₹2.36cr in deepfake-backed ‘digital arrest’ racket; mastermind held - The Times of India', '[news] Bankers & doctors too victims of digital finance fraud: IIT study - The New Indian Express']",112,0.5513666306105429,0.4155102267475739
6,35,"rbi, kyc, business standard, open, standard, october, banking, governor",0,[],1.0,1,0.42857142857142855,192,1,"['[news] Scheduled Banks’ Statement of Position in India as on September 15, 2026', '[news] October 2026 Financial Changes: RBI Policy, SBI ATM Rules, UPI MDR, LPG KYC and Tax Updates - Kalkine India', '[news] 5 money rule changes from October 2026: Bulk FD rates, UPI MDR starts above Rs 2,000, SBI ATM free limit - The Times of India', '[news] RBI issues final Basel III market risk capital rules for banks; new minimum requirements to kick in from A - The Economic Times', '[news] 5 rule changes from October 1: SBI ATM charges, MDR on UPI, bulk FD rates, KYC for LPG subsidy and more - The Economic Times', '[news] MDR unlikely to trigger shift back to cash: RBI Deputy Governor S C Murmu - Business Standard', '[news] RBI remains cautious on crypto, sees CBDCs as option for cross-border payments: Governor Malhotra - ANI News', '[news] Payment Aggregators Seek RBI Extension For Merchant Re-KYC Deadline - Free Press Journal']",53,0.5106501971235717,0.3909490535497341
22,12,"ofac, sanctions, regulations, assets control, control, foreign, treasury office, foreign assets",0,[],1.0,10,0.5833333333333334,0,0,"['[regulation] Iranian Transactions and Sanctions Regulations', '[regulation] Sanctions Penalties Regulations', '[regulation] Cuba Sanctions Regulations', '[regulation] Iranian Transactions and Sanctions Regulations', '[regulation] Terrorism List Governments Sanctions Regulations', '[regulation] Removing Duplicative Penalties Information and Reorganizing Certain Parts', '[regulation] Cuban Assets Control Regulations', '[regulation] Notice of OFAC Sanctions Action']",22,0.816909190517344,0.3804999775462007
11,45,"rbi, upi, mdr, digital, digital payments, payments, upi mdr, transactions",0,[],1.6931471805599454,0,0.13333333333333333,88,0,"[""[news] UPI MDR on transactions above Rs 2,000: RBI says move 'will strengthen long-term sustainability of India's digital payments ecosystem' - ET "", '[news] RBI Says New UPI MDR Framework Will Strengthen Digital Payments Ecosystem - indica News', '[news] RBI Backs MDR On Large UPI Transactions To Sustain Digital Payments - BW Businessworld', '[news] RBI defends MDR on UPI payments above Rs 2,000, says move will sustain digital payments - Firstpost', '[news] RBI backs MDR on large-value UPI transactions, says could help expand UPI acceptance - The Economic Times', '[news] RBI backs MDR on large-value UPI transactions, says move will strengthen ecosystem - Moneycontrol.com', '[news] RBI backs MDR on large-value UPI transactions, says users will pay no fee - Business Standard', '[news] Introduction of MDR on UPI transactions above INR 2,000 will strengthen sustainability: RBI - connectedtoindia.com']",0,1.33993859349698,0.23840810207566077
10,20,"trust, rain, national trust, occ, national, dakota, north dakota, north",3,"['[news, new] Agora Secures OCC Conditional Approval for National Trust Bank to Power Stablecoin Ecosystem - FF News', '[news, new] Rain is seeking a national trust bank charter to bypass third-party banks - CoinDesk', '[news, new] North Dakota’s State-Owned Bank Just Launched a Stablecoin Pilot Inside the GENIUS Act Implementation Window - Yahoo Finance']",0.0,0,1.0,5,1,"['[news] Rain Files OCC Application to Launch National Trust Bank for Stablecoin Payments - FF News', '[news] Modern Treasury Seeks OCC Charter to Launch National Trust Bank for Stablecoins - FF News', '[news] Rain Pushes Into U.S. Banking With Stablecoin Trust Charter as OCC Faces Legal Challenge - Bitcoin Foundation', '[news] Rain Seeks US Trust Bank Charter for Stablecoin Issuance - The Defiant', '[news] Rain Seeks OCC’s Approval to Create National Trust Bank - PYMNTS.com', '[news] OCC conditionally approves national trust bank charters for three stablecoin and digital asset firms - JDSupra', '[news] Agora Secures OCC Conditional Approval for National Trust Bank to Power Stablecoin Ecosystem - FF News', '[news] Block Files for a National Trust Bank Charter to Hold Bitcoin and Stablecoins - Startup Fortune']",0,1.1760495889548688,0.1976994637289642
24,62,"commission, act, securities, certain, exchange, regulations, reporting, notice",1,"['[news, new] Results of the September 2026 survey on credit terms and conditions in euro-denominated securities financing and OTC derivatives markets (SE']",0.0,48,0.2903225806451613,291,209,"['[regulation] Adviser and Regulated Fund Custody Rules; Crypto Custody Rules', '[regulation] Form PF; Reporting Requirements for All Filers and Large Hedge Fund Advisers; Further Extension of Compliance Date', '[regulation] Notice pursuant to Rule 15c3-3a, Note H(b)(3) Regarding Application of the Customer Protection Rule Reserve Computations With Respect to U.S', '[regulation] Interval Fund Modernization; Expansion of Multiple Share Class to Registered Closed-End Management Investment Companies and Business Develop', '[regulation] Beneficial Ownership Information Reporting Requirement Revision', '[regulation] Investment Adviser Performance-Based Compensation Modernization', '[regulation] Information Reporting Regarding Qualified Opportunity Zones and Updated Qualified Opportunity Fund Certification and Decertification Procedu', ""[regulation] Proposal of Special Measure Prohibiting the Transmittal of Funds Regarding Transactions Involving the A7 Network's Sub-Agents""]",1787,-1.1735512851637684,0.11633527986715397
29,54,"stablecoin, stablecoins, eu, fed, mica, circle, deposit, proposes",2,"['[news, new] 60 Percent of Community Banks See Stablecoins as a Threat to Deposits, Lending - Yahoo Finance', '[news, new] Crypto industry hits back at regulator calls for EU stablecoin reward ban - The Banker']",0.0,0,0.8148148148148148,164,43,"['[news] Circle Wants EU to Loosen Stablecoin Bank Deposit Rules - Altcoin Buzz', '[news] Circle Urges EU to Ease Stablecoin Bank-Deposit Rules - Yahoo Finance', '[news] EU Central Banks Push to Eliminate Stablecoin Deposit Rule - pymnts.com', ""[news] Europe's Central Banks Want Stablecoin Reserves Out of Bank Deposits. Here Is Why. - FinTech Weekly"", '[news] Stablecoin Reserves: Why the ECB Wants the Bank Deposit Rule Scrapped - CryptoTicker', '[news] ECB, EU central banks suggest dropping stablecoin deposits rule - Reuters', '[news] European Central Banks Call For Ban On Stablecoin Yield - Yahoo Finance', '[news] ECB calls for tougher EU crypto rules and curbs on dollar stablecoins - Euronews.com']",1,0.3295744266847725,0.00025916829897054683
3,47,"fraud, banking, real, real time, time, detection, fraud detection, digital fraud",2,"['[news, new] Payouts.com launches Payout Fraud Detection - The Paypers', '[news, new] The check fraud pattern costing agencies money every week - Insurance Business']",44.0,0,0.6595744680851063,629,277,"['[news] How Banks Detect Digital Fraud In Real Time - Tech Build Africa', '[news] Network-Level Fraud Prevention in Banking - Global Banking & Finance Review', '[news] Fake call, deepfake ad and one costly mistake: How to spot banking fraud - TechTrendsKE', '[news] Beyond fraud detection: Why dispute management needs an overhaul', '[news] How acquirers are commercialising fraud intelligence', '[news] How leading global banks are driving the next generation of consumer scam controls', '[news] How digital fraud is shifting to the mobile layer - Open Banking Expo', '[news] Banks may have just a minute to spot and stop frauds - The Financial Express']",6625,-1.4583804635826874,-0.0037635007696932288
7,19,"coinbase, citi, citi coinbase, stablecoin payments, stablecoin, payments, tie, businesses",0,[],0.0,0,1.0,17,15,"['[news] Coinbase, Citi Team Up to Bring Stablecoin Payments to Businesses - Yahoo Finance', '[news] Citi And Coinbase Bring Stablecoin Payments Into Corporate Banking - TradingView', '[news] Citigroup Partners With Coinbase for Stablecoin Payments - barrons.com', '[news] Citi and Coinbase Move to Bring Stablecoin Payments to Checkout - PaymentsJournal', '[news] Coinbase Deepens Citi Tie-Up to Scale Stablecoin Payments - Yahoo Finance', '[news] Citi and Coinbase Pair Stablecoin Payments With Fiat Settlement - pymnts.com', '[news] Coinbase brings bank-grade fiat and stablecoin payments to businesses, in collaboration with Citi - Coinbase', '[news] Citi and Coinbase partner on stablecoin payments for businesses - qz.com']",0,0.6843825753285345,-0.00682801460231075
9,39,"tokenized, tokenized deposits, deposits, finance, yahoo finance, yahoo, tokenized deposit, deposit",4,"['[news, new] Community bankers are interested in tokenized deposits, stablecoins, but not rushed - Ledger Insights', '[news, new] OCBC, Ant International Launch Tokenized Deposit Solution - finews.asia', '[news, new] Ant International extends tokenized deposit partnerships with HSBC, OCBC - Ledger Insights', '[news, new] Embedded Finance Hits $617bn as Inclusion Scales - FinanceX Magazine']",1.0,0,0.6666666666666666,204,172,"[""[news] Britain's Banks Pick Tokenized Deposits Over Stablecoins. Here's Why the BoE Is Cheering - Yahoo Finance"", '[news] Quant Jumps as US and UK Banks Put Tokenized Deposits to Work - Altcoin Buzz', '[news] C Pushes Tokenized Deposits Deeper Into Asia With Japan Expansion - Yahoo Finance', '[news] Wall Street is building tokenized deposits to lock in customer balances - CryptoSlate', '[news] Tokenized Deposits vs Payment Stablecoins: The Two-Track Race for Institutional Money - Yahoo Finance', '[news] US bank group taps Quant for tokenized deposits, but QNT’s role is left in doubt - CryptoSlate', '[news] Citi Japan’s Tokenized Deposit Launch Extends the Institutional Pivot Into Asia’s Deepest Regulatory Framework - Yahoo Finance', '[news] Coinbase Tokenized Stocks Lead DeFi Deposit Gains, Adding $5.6M Ahead of Robinhood and Binance - Crowdfund Insider']",0,0.12148477412891512,-0.09197042064679514
28,57,"ai, banking, financial, fraud, finance, sibos, fintech, data",7,"['[news, new] Agentic AI in financial services: How banks are rethinking lending, risk and decision-making - The Economic Times', '[news, new] AI in Banking: How To Build a Resilient Foundation for the Future', '[news, new] UBS only European bank in top 10 of AI adoption as JPMorgan Chase leads - Yahoo Finance Australia', '[news, new] The New Fraud Frontier: Securing Banking Against AI-Powered Social Engineering - Nasscom', ""[news, new] JPMorgan Chase extends lead as world's most AI-advanced bank - Finextra Research"", ""[news, new] HSBC to make 'deep, wide and brutal' UK wealth management job cuts in AI push""]",11.098612288668111,0,0.7192982456140351,1430,246,"['[news] Agentic AI in financial services: How banks are rethinking lending, risk and decision-making - The Economic Times', '[news] AI in Banking: How To Build a Resilient Foundation for the Future', '[news] Digital finance for AI-driven economies - Business & Financial Times', '[news] The Art of Doing Financial Engineering', '[news] Rethinking Orchestration for the Next Generation of AI-Driven Payments', '[news] How embedded finance is evolving to combat AI-enhanced fraud - J.P. Morgan', '[news] AI without the hype: What AML transformation means', '[news] Capital One’s agentic AI strategy hinges on data, platform-first mindset']",7095,-1.441856713862708,-0.2613898285581773
18,39,"banking, policy, central, monetary policy, monetary, market, mirror, change",0,[],2.0,0,0.5897435897435898,530,30,"['[news] New U.S. Banking Rules Just Took Effect - How They Could Affect You - FinanceBuzz', ""[news] FCA statement over 'tightened rules' for Nationwide, Lloyds, Barclays customers - The Mirror"", '[news] Philip R. Lane: Diagnostic Challenges for ECB Monetary Policy', '[news] Reg Wrap: crypto urges caution after EBA and ESCB call for tougher MiCA rules - thebanker.com', '[news] Firms crack down on money mules but need to do more', '[news] Bank rate maintained at 3.75% - September 2026 Monetary Policy Summary and Minutes', '[news] The 9-11 attacks marked a sea change in bank regulation - American Banker', '[news] ECB Faces Pushback as Climate-Risk Formula Hits Collateral (1) - Bloomberg Law News']",202,-0.358291552322283,-0.2680744016606596
12,89,"stablecoin, sofi, stablecoins, settlement, stablecoin settlement, payments, fiserv, banking",9,"[""[news, new] Tether Signs Deal With Kazakhstan's Central Bank to Explore a Stablecoin and Tokenized Assets - Yahoo Finance"", '[news, new] Tether tapped by Kazakhstan’s central bank to explore stablecoin and tokenization - CoinDesk', '[news, new] Polygon taps TRON’s $94 billion stablecoin supply for seamless cross-border transfers - CoinDesk', '[news, new] Noah raises $38m for stablecoin payments platform', ""[news, new] Kazakhstan's Central Bank Taps Tether to Study Tenge Stablecoin - Altcoin Buzz"", '[news, new] Tether Signs MoU with the National Bank of Kazakhstan and the Alatau City Authority to Explore Stablecoin Use Cases and Asset Tokenization -']",0.0,0,0.8202247191011236,143,91,"['[news] US stablecoin adoption could surge with bank-like protections: Visa survey - TradingView', '[news] These Banks Are Banding Together to Launch a Stablecoin - WSJ', '[news] Fiserv Stablecoin Platform Goes Live, With 90-Plus Banks, CUs In First Use Case - CU Today', '[news] SoFi Is Bypassing the Banking Bottleneck With Stablecoin Settlement - Yahoo Finance', ""[news] 'Crypto Hurdle' Solved: SoFi Is First Bank Deploying Stablecoin Settlement Across Mastercard Network - 24/7 Wall St."", '[news] Bank-Style Protections Could Lift US Stablecoin Interest : Visa - Crowdfund Insider', '[news] Coinbase partners with Moov to boost community bank stablecoin capabilities before Clarity vote - CNBC', ""[news] Fiserv Launches Digital Asset Platform Commercially; State-Owned Bank's Stablecoin Is First Adopter - BigGo Finance""]",4,0.0023294056075356395,-0.43013506809709584
16,77,"account, loan, managing, card, closing, trouble, managing account, fees",0,[],392.5376188409718,0,0.0,0,1,"['[complaint_trend] [CFPB 3,917 complaints, lift 0.86] Problem with a lender or other company charging your account', '[complaint_trend] [CFPB 779 complaints, lift 0.96] Problem with a purchase or transfer', '[complaint_trend] [CFPB 5,100 complaints, lift 0.89] Trouble during payment process', '[complaint_trend] [CFPB 2,658 complaints, lift 0.96] Problem when making payments', '[complaint_trend] [CFPB 1,043 complaints, lift 0.96] Struggling to pay your loan', '[complaint_trend] [CFPB 1,100 complaints, lift 0.96] Dealing with your lender or servicer: Trouble with how payments are being handled', '[complaint_trend] [CFPB 1,078 complaints, lift 0.83] Struggling to repay your loan', '[complaint_trend] [CFPB 3,620 complaints, lift 0.88] Dealing with your lender or servicer']",637,0.09873909690621074,-0.5072681415696425
1,15,"occ, office comptroller, comptroller, comptroller currency, office, currency, currency occ, national",0,[],0.0,13,0.13333333333333333,5,1,"['[regulation] Community Bank Licensing Amendments', '[regulation] Bank Appeals Process', '[regulation] National Bank Chartering', '[regulation] Community Reinvestment Act Regulations', '[regulation] OCC Rules Regarding the Availability of OCC Information', '[regulation] Permitted Payment Stablecoin Issuer Anti-Money Laundering/Countering the Financing of Terrorism and Sanctions Compliance Risk Management', '[regulation] Violations of Laws or Regulations', '[regulation] Unsafe or Unsound Practices, Matters Requiring Attention']",120,0.37606741927462783,-0.5469492610025084
2,42,"swift, tokenized, ledger, tokenized deposit, deposit, oracle, blockchain, network",1,"['[news, new] Taurus outlines three technical hurdles for banks adopting Swift’s blockchain network - CoinDesk']",0.0,0,0.9047619047619048,244,341,"[""[news] Oracle Integration with Swift's Ledger Helps Banks Connect Tokenized Deposit Infrastructures Across Institutions - PR Newswire"", '[news] IBM Connects Banks To Swift’s Blockchain Ledger For Tokenized Deposits - TradingView', '[news] Oracle Links Tokenised Deposits to Swift’s Ledger - FinTech Magazine', ""[news] IBM Connects Digital Asset Platform to Swift's Blockchain Ledger for Tokenized Deposits - BigGo Finance"", '[news] Tech giant Oracle integrates with Swift blockchain ledger to connect banks’ tokenized deposits - Cryptonews.net', '[news] IBM Connects Digital Asset Haven to Swift Blockchain Ledger for Tokenized Deposit Transactions: 12 outlets compared - NewsCord', '[news] Oracle, IBM, Cosmos build routes into Swift’s Ledger as vendors bet on tokenized deposits - ledgerinsights.com', '[news] Swift Taps Chainlink for Bank Access to Tokenized Deposit Network - Yahoo Finance']",17,-0.5217955879268477,-0.7153386996547941
0,33,"mastercard, agentic, commerce, ai, agentic commerce, trust, payments, agent",0,[],0.0,0,0.5151515151515151,90,39,"['[news] Mastercard Expands Agentic Commerce With New Trust Services - Yahoo Finance', '[news] Mastercard Adds Trust, Intelligence Services to Agentic Payments Program - Yahoo Finance', '[news] Mastercard adds AI agent trust services to Agent Pay - The Paypers', '[news] Mastercard Advances Agentic Commerce With New Trust and Intelligence Services - Business Wire', ""[news] Mastercard Gets In on Agentic Payment Systems of the Future - Barron's"", '[news] Payment firms Visa, Mastercard and Ant International team up on AI agent trust framework - Reuters', '[news] Mastercard Advances Agentic Purchasing with Agent Pay - Procurement Magazine', '[news] Mastercard: How AI Shopping Agents Will Reshape Payments - FinTech Magazine']",2,0.28447441632676684,-0.8201677270064496
23,65,"payments, cross, banking, cross border, border, open, fintech, moonpay",3,"['[news, new] The State of Fintech: The Top Insights into European Payments Evolution', '[news, new] Stripe, FedEx team on SMB lending', '[news, new] SAP expands into payments']",3.6931471805599454,0,0.7230769230769231,652,345,"['[news] How Can Banks Serve SME’s Growing Cross-Border Needs?', '[news] SMEs turn from banks to fintechs for cross-border payments', '[news] Building the next generation of market infrastructure', '[news] Europe Has Agent Payment Rails Live Across 30+ Banks. The US Is Still Debating Who Pays When They Break. - Yahoo Finance', '[news] The State of Fintech: The Top Insights into European Payments Evolution', '[news] Banks can soon test digital-dollar payments within systems they already use - Stock Titan', '[news] How Stripe, Zerohash alums are looking to speed international payments - Banking Dive', '[news] Citi Rewires Global Payments Through Single Swift Connection']",2327,-1.3356370256819434,-0.8898271284169421
15,23,"agentic, payment, payments, agentic commerce, commerce, agentic payments, ant, international",2,"['[news, new] Agentic Authority: ChainIT Ties Every Payment Approval to the Exact Payment - USA Today', '[news, new] Agentic Authority: ChainIT Ties Every Payment Approval to the Exact Payment - The Des Moines Register']",0.0,0,0.43478260869565216,205,221,"['[news] Ant International Rolls Out Agentic Payment Protocol Globally - finews.asia', ""[news] Ant International's Agentic Mobile Protocol Rolls Out Globally with Wallets and Acquirers; Initiating Collaboration on KYA Interoperability "", '[news] Agentic payments are really about automating the task - The Asian Banker', '[news] Agentic Bank Payments Reach the UK Under FCA Supervision - FinanceX Magazine', '[news] Stripe to Power Constructor’s Agentic Checkout - Finovate', '[news] Worldline launches UCP payment handler for agentic commerce payments - Yahoo Finance', '[news] Agentic Authority: ChainIT Ties Every Payment Approval to the Exact Payment - USA Today', '[news] India plans AI registry as it looks to roll out agentic payments, sources say - Reuters']",0,0.06251953617362238,-0.9493668801744722
8,26,"payments, upi, pay, apple, payment, transactions, revenue, instant payments",1,"['[news, new] Payments income bolsters banks']",2.0,0,0.7307692307692307,92,141,"['[news] UPI Tap and Pay: No Interenet Needed, RBI Launches Just ‘Tap and Pay’ Option for Users - timesbull.com', '[news] Repeated ₹2,000 UPI payments for one purchase? Your bank could flag the pattern: What it means - Business Today', '[news] Invezz Explains: India wants UPI revenue but its payment data may be worth more - Invezz', '[news] UPI fee row: This app splits payments into Rs 1999 chunks to avoid charges, sparks fraud concerns online - news24online.com', '[news] UPI Tap and Pay explained: How it works, key features, and its benefits - Business Standard', '[news] Here comes an app to split UPI payments into ₹1,999 instalments: Social media reacts, ‘Can be easily flagged for fraud’ - Livemint', '[news] Retail Payments up 5.7% in Canada and other Digital Transactions News briefs from 10/6/26 - Digital Transactions', '[news] BHIM MyUPI payments launched: 9 services users can access at one place, from checking transactions to mana - The Economic Times']",234,-0.7425356476559499,-1.0780737363380248
25,43,"crypto, bitcoin, data, blockchain, q2, tether, users, trading",1,"['[news, new] How Revolut’s Data Breach Puts Crypto Whales’ Lives In Danger']",6.0,0,0.5581395348837209,371,154,"['[news] How Revolut’s Data Breach Puts Crypto Whales’ Lives In Danger', '[news] Fintech Recap: What Can We Learn From Coastal’s Earnings Miss?', '[news] Q2 Call Reports: How Are Evolve & Varo Faring?', '[news] Homeland Security, Tether Illegally Seized Stablecoins, Two Legal Filings Allege', '[news] Coinbase Preps Post-Quantum Custody for $250B Held for BlackRock After Lindell Flags MPC Blind Spot - CoinGape', '[news] Colorado Sues EarnIn For “Immoral, Unethical, Oppressive and Unscrupulous” Business Practices', '[news] US Crypto Rules Keep Changing. Why Bitcoin Needs a Lasting Law - Altcoin Buzz', '[news] Bridge, Lead Leverage Earthquake Sanctions Relief to Operate in Venezuela']",4454,-1.2540331077082811,-1.0903083554202924
5,45,"deposits, tokenized, tokenized deposits, canada, uk, transactions, interbank, big",1,"['[news, new] DNB, Commercial Bank of Dubai join CBMT sandbox for tokenized deposits - Ledger Insights']",0.0,0,0.5555555555555556,26,19,"['[news] The UK Just Ran the World’s First Interbank Tokenized Deposit Transactions. The Same Platform Is Headed to 25 US Banks. - Yahoo Finance', '[news] Canada’s Big Six banks working on tokenized deposits in latest digital money push - The Globe and Mail', '[news] UK’s largest banks complete world’s first interbank transactions using tokenized deposits - CoinDesk', ""[news] Britain's largest banks make first interbank transactions using tokenised deposits - Yahoo Finance"", '[news] UK Banks Complete First Interbank Transactions Using Tokenised Deposits - CryptoRank', ""[news] Canada's Largest Banks Look to Develop Tokenized Deposits - Yahoo Finance"", '[news] UK banks make first interbank transactions using tokenised deposits - Reuters', ""[news] 'Big Six' Canadian banks join global push for commercial bank deposit tokenization - CoinDesk""]",12,0.20376485080560458,-1.2681677907401427
19,31,"quantum, post quantum, post, security, threat, quantum security, crypto, bankinfosecurity",2,"['[news, new] Making the Case to the Board for Post-Quantum Readiness - BankInfoSecurity', '[news, new] Govt asks banks to develop a sector-wide quantum transition along with an AI resilience framework - The Economic Times']",0.0,0,0.5806451612903226,282,106,"['[news] RBI Says India’s Payment Systems Must Prepare for a Quantum Computing Threat - The420.in', '[news] Post-Quantum Cryptography Migration Faces a Hardware Problem - BankInfoSecurity', '[news] Quantum threat to Bitcoin could materialize before commercial viability, EU regulators warn - CoinDesk', ""[news] Crypto’s Post-Quantum Shift and Privacy Renaissance Take Center Stage at Quantus and NEAR's Quantum + Privacy Day at TOKEN2049 Singapore - F"", '[news] RBI asks fintechs, payment firms to start ‘quantum-proofing’ systems - Moneycontrol.com', '[news] EU warns Q-Day could arrive before quantum computers are commercially viable - Crypto Briefing', '[news] Making the Case to the Board for Post-Quantum Readiness - BankInfoSecurity', '[news] The Post-Quantum Imperative for Financial Services - PwC']",275,-0.7024485094279015,-1.4845321996158383
