source,target,rel,sim
idea:A1-01,s2:2979066a19169f4f8ee08acb8779d1460f7cef7c,SIMILAR_TO,0.738
idea:A1-01,arxiv:2609.34524,SIMILAR_TO,0.734
idea:A1-01,s2:dc1badb0facb74a5adcb9fa5fc184ac7a05261ae,SIMILAR_TO,0.7314
idea:A1-01,arxiv:2609.11137,SIMILAR_TO,0.7287
idea:A1-01,arxiv:2507.12932,SIMILAR_TO,0.7174
idea:A1-02,patent:US20250348857A1,SIMILAR_TO,0.7667
idea:A1-02,patent:US12400197B2,SIMILAR_TO,0.7559
idea:A1-02,patent:US12536265B2,SIMILAR_TO,0.7554
idea:A1-02,patent:US12725423B2,SIMILAR_TO,0.7541
idea:A1-02,s2:0aeff6b269c4ad00a69e8ad6142f34f41b115ff0,SIMILAR_TO,0.7441
idea:A1-03,patent:US20260289570A1,SIMILAR_TO,0.739
idea:A1-03,arxiv:2609.02208,SIMILAR_TO,0.7389
idea:A1-03,arxiv:2608.23060,SIMILAR_TO,0.7262
idea:A1-03,patent:US12711475B2,SIMILAR_TO,0.7259
idea:A1-03,doi:10.2139/ssrn.7270940,SIMILAR_TO,0.7255
idea:A1-04,patent:US12731184B2,SIMILAR_TO,0.7546
idea:A1-04,patent:US20200355819A1,SIMILAR_TO,0.7499
idea:A1-04,patent:US12694390B2,SIMILAR_TO,0.7469
idea:A1-04,patent:US20260203741A1,SIMILAR_TO,0.7467
idea:A1-04,patent:US20260073380A1,SIMILAR_TO,0.7457
idea:A1-05,arxiv:2608.24069,SIMILAR_TO,0.7574
idea:A1-05,arxiv:2609.07675,SIMILAR_TO,0.7504
idea:A1-05,s2:1949c31214db8f4e074e33a046a2f3466ae033f8,SIMILAR_TO,0.75
idea:A1-05,arxiv:2609.30684,SIMILAR_TO,0.7486
idea:A1-05,arxiv:2608.24127,SIMILAR_TO,0.7419
idea:A1-06,patent:US20260268344A1,SIMILAR_TO,0.7485
idea:A1-06,patent:US20260141387A1,SIMILAR_TO,0.7345
idea:A1-06,patent:US12705599B2,SIMILAR_TO,0.7344
idea:A1-06,doi:10.3390/info17010039,SIMILAR_TO,0.7318
idea:A1-06,patent:US20260289566A1,SIMILAR_TO,0.7276
idea:A1-07,arxiv:2608.17220,SIMILAR_TO,0.7854
idea:A1-07,arxiv:2608.23858,SIMILAR_TO,0.7747
idea:A1-07,arxiv:2609.00060,SIMILAR_TO,0.7713
idea:A1-07,s2:9703a43574a0193d6686c04ce4a4f38c00d28ccb,SIMILAR_TO,0.7711
idea:A1-07,arxiv:2609.14744,SIMILAR_TO,0.7694
idea:A1-08,patent:US20110189981A1,SIMILAR_TO,0.7746
idea:A1-08,patent:US20160063474A1,SIMILAR_TO,0.7606
idea:A1-08,patent:US20250356355A1,SIMILAR_TO,0.7602
idea:A1-08,patent:US11017377B2,SIMILAR_TO,0.7534
idea:A1-08,patent:US20260127603A1,SIMILAR_TO,0.752
idea:A1-09,s2:9553c7f08cd59d661b917332ba3e388f1c48f2f9,SIMILAR_TO,0.7814
idea:A1-09,arxiv:2609.20737,SIMILAR_TO,0.7506
idea:A1-09,s2:15afa59581075e6a0fa82875875a9b92778a0333,SIMILAR_TO,0.7483
idea:A1-09,patent:US12380455B2,SIMILAR_TO,0.7457
idea:A1-09,patent:US20240013225A1,SIMILAR_TO,0.7457
idea:A1-10,arxiv:2608.24127,SIMILAR_TO,0.7598
idea:A1-10,arxiv:2609.29528,SIMILAR_TO,0.7552
idea:A1-10,s2:fbd1210664008be37081c77b408906606b831f18,SIMILAR_TO,0.7503
idea:A1-10,s2:55dc1911b50b2f9bcad53ade973b94c4108a3153,SIMILAR_TO,0.746
idea:A1-10,arxiv:2609.16640,SIMILAR_TO,0.7365
idea:A1-11,doi:10.2139/ssrn.7478298,SIMILAR_TO,0.7685
idea:A1-11,arxiv:2609.10350,SIMILAR_TO,0.765
idea:A1-11,s2:b66446022276f3dc7f8e20d38a818e47cc97a720,SIMILAR_TO,0.7609
idea:A1-11,patent:US20260260239A1,SIMILAR_TO,0.7594
idea:A1-11,doi:10.71443/9789349552005-17,SIMILAR_TO,0.7584
idea:A1-12,arxiv:2601.09232,SIMILAR_TO,0.7683
idea:A1-12,arxiv:2609.29528,SIMILAR_TO,0.7387
idea:A1-12,arxiv:2608.24127,SIMILAR_TO,0.7321
idea:A1-12,patent:US20250310770A1,SIMILAR_TO,0.7295
idea:A1-12,patent:US20250301326A1,SIMILAR_TO,0.7279
idea:A1-13,arxiv:2609.23272,SIMILAR_TO,0.7775
idea:A1-13,s2:a85d96b7f8e7e24a51bb766b5ed9ced889866321,SIMILAR_TO,0.7565
idea:A1-13,arxiv:2609.03741,SIMILAR_TO,0.755
idea:A1-13,arxiv:2609.14205,SIMILAR_TO,0.7456
idea:A1-13,doi:10.2139/ssrn.7270940,SIMILAR_TO,0.7436
idea:A1-14,s2:aa0a79f14c49b5124b65ec4668f1ff4bd205ea50,SIMILAR_TO,0.7814
idea:A1-14,s2:3f30aee1571ec23f611791cf43070dc64ca410a3,SIMILAR_TO,0.7559
idea:A1-14,patent:US20260004352A1,SIMILAR_TO,0.7488
idea:A1-14,doi:10.2139/ssrn.7270940,SIMILAR_TO,0.7456
idea:A1-14,arxiv:2411.10399,SIMILAR_TO,0.7431
idea:A1-15,arxiv:2609.26696,SIMILAR_TO,0.7511
idea:A1-15,arxiv:2608.01341,SIMILAR_TO,0.7502
idea:A1-15,arxiv:2609.25960,SIMILAR_TO,0.7461
idea:A1-15,s2:35f675fa5cf991887bd1890340e10de87b3b565d,SIMILAR_TO,0.7452
idea:A1-15,arxiv:2608.23858,SIMILAR_TO,0.7402
idea:A1-16,s2:9553c7f08cd59d661b917332ba3e388f1c48f2f9,SIMILAR_TO,0.7566
idea:A1-16,s2:e3db443b55fbb1960ad2a9005fbe397ff9273a07,SIMILAR_TO,0.7528
idea:A1-16,s2:23c7490b635031b1fc5fd493192e786acdeaee2a,SIMILAR_TO,0.7516
idea:A1-16,arxiv:2609.30684,SIMILAR_TO,0.7515
idea:A1-16,arxiv:2609.30684,SIMILAR_TO,0.7515
idea:A1-17,arxiv:2609.18710,SIMILAR_TO,0.7457
idea:A1-17,s2:cec476b59809bdb02ace7de065687840ecf453c2,SIMILAR_TO,0.7593
idea:A1-17,patent:US12743707B2,SIMILAR_TO,0.7523
idea:A1-17,arxiv:2609.01040,SIMILAR_TO,0.7503
idea:A1-17,patent:US20260212362A1,SIMILAR_TO,0.7456
idea:A1-18,arxiv:2609.24683,SIMILAR_TO,0.766
idea:A1-18,s2:7d04d5323849580b64407a7bce6fc62362ad572f,SIMILAR_TO,0.7477
idea:A1-18,s2:e3db443b55fbb1960ad2a9005fbe397ff9273a07,SIMILAR_TO,0.7469
idea:A1-18,s2:e8e3b39f649540ba175c59de332c446644854c33,SIMILAR_TO,0.7458
idea:A1-18,arxiv:2608.24069,SIMILAR_TO,0.7457
idea:A1-19,arxiv:2609.00060,SIMILAR_TO,0.7789
idea:A1-19,s2:d127703cb86e99b151d2af0b0cde9d7397a4cf25,SIMILAR_TO,0.7779
idea:A1-19,arxiv:2608.28542,SIMILAR_TO,0.7751
idea:A1-19,arxiv:2609.01040,SIMILAR_TO,0.7735
idea:A1-19,s2:ad87bb98ed914f1f562a7fc107a0c8eccd3b998c,SIMILAR_TO,0.7733
idea:A1-20,patent:US20250259233A1,SIMILAR_TO,0.7462
idea:A1-20,arxiv:2608.23060,SIMILAR_TO,0.721
idea:A1-20,patent:US20160086261A1,SIMILAR_TO,0.7149
idea:A1-20,patent:US8751338B2,SIMILAR_TO,0.7103
idea:A1-20,arxiv:2609.23272,SIMILAR_TO,0.7051
idea:A1-21,patent:US11935065B2,SIMILAR_TO,0.8217
idea:A1-21,patent:US20230075202A1,SIMILAR_TO,0.8194
idea:A1-21,doi:10.22214/ijraset.2026.84949,SIMILAR_TO,0.7647
idea:A1-21,patent:US20230334444A1,SIMILAR_TO,0.7615
idea:A1-21,patent:US20250190981A1,SIMILAR_TO,0.7511
idea:A1-22,patent:US12101354B2,SIMILAR_TO,0.7512
idea:A1-22,patent:US20240080339A1,SIMILAR_TO,0.7493
idea:A1-22,patent:US20250016199A1,SIMILAR_TO,0.7473
idea:A1-22,patent:US12641120B2,SIMILAR_TO,0.7473
idea:A1-22,patent:US12718667B2,SIMILAR_TO,0.7447
idea:A1-23,arxiv:2508.09429,SIMILAR_TO,0.8095
idea:A1-23,s2:ab0cd7f404898f818f079d6a5ed2c86288383563,SIMILAR_TO,0.7941
idea:A1-23,arxiv:2510.10469,SIMILAR_TO,0.7883
idea:A1-23,arxiv:2608.25269,SIMILAR_TO,0.785
idea:A1-23,patent:US20260187726A1,SIMILAR_TO,0.7849
idea:A2a-01,patent:US9898719B2,SIMILAR_TO,0.7257
idea:A2a-01,patent:US20210042718A1,SIMILAR_TO,0.7246
idea:A2a-01,patent:US20180247282A1,SIMILAR_TO,0.7246
idea:A2a-01,patent:US20140006184A1,SIMILAR_TO,0.7222
idea:A2a-01,patent:US10755244B2,SIMILAR_TO,0.719
idea:A2a-02,arxiv:2609.11757,SIMILAR_TO,0.7505
idea:A2a-02,arxiv:2608.23858,SIMILAR_TO,0.7483
idea:A2a-02,arxiv:2609.00060,SIMILAR_TO,0.7463
idea:A2a-02,arxiv:2608.27443,SIMILAR_TO,0.7335
idea:A2a-02,s2:70e89229f62042399c6c2c19168cdfe63a4142f0,SIMILAR_TO,0.7314
idea:A2a-03,s2:b9334b24770609574acf15ce5d78f8b45b0b49a7,SIMILAR_TO,0.7449
idea:A2a-03,doi:10.2139/ssrn.7270940,SIMILAR_TO,0.7399
idea:A2a-03,doi:10.2139/ssrn.7117550,SIMILAR_TO,0.7358
idea:A2a-03,doi:10.3390/jrfm19060404,SIMILAR_TO,0.7246
idea:A2a-03,doi:10.66245/jyi.v1.i2.011,SIMILAR_TO,0.724
idea:A2a-04,patent:US20150052041A1,SIMILAR_TO,0.7394
idea:A2a-04,patent:US20150213550A1,SIMILAR_TO,0.7394
idea:A2a-04,patent:US20150052033A1,SIMILAR_TO,0.7274
idea:A2a-04,patent:US20150213551A1,SIMILAR_TO,0.7274
idea:A2a-04,patent:US12719687B2,SIMILAR_TO,0.7141
idea:A2a-05,s2:4839f2b68c0291f350d4351b22dba3a8724fb2c3,SIMILAR_TO,0.7491
idea:A2a-05,s2:77e84be095811502ff0794b284927b1ef79924f8,SIMILAR_TO,0.7427
idea:A2a-05,arxiv:2605.17955,SIMILAR_TO,0.7401
idea:A2a-05,s2:dd714b740002fb90e3b4011273b7b4ca3897a155,SIMILAR_TO,0.7398
idea:A2a-05,s2:21fc01f1867cf4711c3c4ead440da938ce61283e,SIMILAR_TO,0.7364
idea:A2a-06,patent:US20250315834A1,SIMILAR_TO,0.7531
idea:A2a-06,patent:US20250315834A1,SIMILAR_TO,0.7389
idea:A2a-06,patent:TR2025004325A2,SIMILAR_TO,0.6917
idea:A2a-06,patent:US20250390880A1,SIMILAR_TO,0.6916
idea:A2a-06,patent:US20240013225A1,SIMILAR_TO,0.6907
idea:A2a-07,patent:US20260261614A1,SIMILAR_TO,0.7254
idea:A2a-07,patent:EP4706037A2,SIMILAR_TO,0.7221
idea:A2a-07,patent:US20260179621A1,SIMILAR_TO,0.7147
idea:A2a-07,patent:US20260112373A1,SIMILAR_TO,0.7124
idea:A2a-07,s2:2979066a19169f4f8ee08acb8779d1460f7cef7c,SIMILAR_TO,0.7122
idea:A2a-08,patent:US20220300964A1,SIMILAR_TO,0.7395
idea:A2a-08,patent:US20250384410A1,SIMILAR_TO,0.7348
idea:A2a-08,patent:US12437293B2,SIMILAR_TO,0.7231
idea:A2a-08,patent:US12737755B2,SIMILAR_TO,0.723
idea:A2a-08,patent:US20250053969A1,SIMILAR_TO,0.721
idea:A2a-09,s2:d90e809e5b4e5ebab941c057428d358f3f8fb7bc,SIMILAR_TO,0.6814
idea:A2a-09,s2:8a388deb3261fb51b3428f3f21cf164a47dafe93,SIMILAR_TO,0.6807
idea:A2a-09,s2:6611e4a46c07032daa60e673813d32130b78a7e9,SIMILAR_TO,0.6752
idea:A2a-09,arxiv:2608.16856,SIMILAR_TO,0.6749
idea:A2a-09,doi:10.2139/ssrn.7411829,SIMILAR_TO,0.6696
idea:A2a-10,s2:24a4c492f34ea6556e777a576d7982e55b75de00,SIMILAR_TO,0.7235
idea:A2a-10,s2:9a822af24312ba9d7a438567e80c43fcbed736b8,SIMILAR_TO,0.7211
idea:A2a-10,s2:d8b27ad0dea6b4e0b446d610d675824555d39104,SIMILAR_TO,0.7037
idea:A2a-10,s2:9813ab937c08aa3849025073fab0ab941fc84e0c,SIMILAR_TO,0.7031
idea:A2a-10,patent:US11423365B2,SIMILAR_TO,0.692
idea:A2a-11,patent:US20210224819A1,SIMILAR_TO,0.7993
idea:A2a-11,patent:US10902484B1,SIMILAR_TO,0.7957
idea:A2a-11,patent:US20110213690A1,SIMILAR_TO,0.783
idea:A2a-11,patent:US20210233098A1,SIMILAR_TO,0.7761
idea:A2a-11,patent:US20230351354A1,SIMILAR_TO,0.7691
idea:A2a-12,patent:US12719671B1,SIMILAR_TO,0.6619
idea:A2a-12,patent:US12717952B2,SIMILAR_TO,0.6542
idea:A2a-12,patent:US20110287748A1,SIMILAR_TO,0.6518
idea:A2a-12,patent:US12694082B2,SIMILAR_TO,0.6481
idea:A2a-12,patent:US20240086503A1,SIMILAR_TO,0.6462
idea:A2a-13,patent:US20260268400A1,SIMILAR_TO,0.7116
idea:A2a-13,patent:US20240112155A1,SIMILAR_TO,0.7059
idea:A2a-13,patent:US20260236898A1,SIMILAR_TO,0.7043
idea:A2a-13,patent:US20260127592A1,SIMILAR_TO,0.7043
idea:A2a-13,s2:aae81bda948e4e59c4bef25b0ff143a40747873f,SIMILAR_TO,0.7037
idea:A2a-14,patent:US20210186410A1,SIMILAR_TO,0.6972
idea:A2a-14,s2:bb33f02a3a6cf85bdd3c272ab557490a2877c04d,SIMILAR_TO,0.6852
idea:A2a-14,patent:US11219404B2,SIMILAR_TO,0.6824
idea:A2a-14,pubmed:35950091,SIMILAR_TO,0.6767
idea:A2a-14,patent:US20190231247A1,SIMILAR_TO,0.6753
idea:A2a-15,patent:US20200084239A1,SIMILAR_TO,0.7317
idea:A2a-15,patent:US11470116B2,SIMILAR_TO,0.7304
idea:A2a-15,patent:US20190281086A1,SIMILAR_TO,0.7301
idea:A2a-15,patent:WO2025141500A1,SIMILAR_TO,0.706
idea:A2a-15,s2:5c101a7a710f45b927c0c38e1c964fc4b2b0c551,SIMILAR_TO,0.701
idea:A2a-16,s2:cef96bcb07cae3199b579762fae777fe53152532,SIMILAR_TO,0.7474
idea:A2a-16,doi:10.71443/9789349552463-17,SIMILAR_TO,0.7421
idea:A2a-16,patent:US20260094206A1,SIMILAR_TO,0.7343
idea:A2a-16,s2:e82d0c7e10bcf95db85cb440fff227ab67c93686,SIMILAR_TO,0.728
idea:A2a-16,patent:US20260253061A1,SIMILAR_TO,0.7268
idea:A2a-17,arxiv:2108.00783,SIMILAR_TO,0.7198
idea:A2a-17,arxiv:2107.02776,SIMILAR_TO,0.702
idea:A2a-17,arxiv:2604.19755,SIMILAR_TO,0.6994
idea:A2a-17,arxiv:2403.03773,SIMILAR_TO,0.6967
idea:A2a-17,arxiv:2306.15557,SIMILAR_TO,0.6947
idea:A2a-18,patent:US20150081483A1,SIMILAR_TO,0.6886
idea:A2a-18,patent:US20150081491A1,SIMILAR_TO,0.6834
idea:A2a-18,patent:US20240221023A1,SIMILAR_TO,0.6764
idea:A2a-18,patent:US20100145852A1,SIMILAR_TO,0.6761
idea:A2a-18,patent:US12699975B1,SIMILAR_TO,0.6679
idea:A2a-19,doi:10.2139/ssrn.7213458,SIMILAR_TO,0.6771
idea:A2a-19,patent:US20210174348A1,SIMILAR_TO,0.6735
idea:A2a-19,patent:US11100482B2,SIMILAR_TO,0.6682
idea:A2a-19,patent:US20210142304A1,SIMILAR_TO,0.6682
idea:A2a-19,patent:US12699988B2,SIMILAR_TO,0.6666
idea:A2a-20,patent:US20260134420A1,SIMILAR_TO,0.7055
idea:A2a-20,patent:US20260268396A1,SIMILAR_TO,0.7019
idea:A2a-20,s2:5321198f9c6ce42e0aaaf4250200dde78b46fbde,SIMILAR_TO,0.6887
idea:A2a-20,arxiv:2609.27452,SIMILAR_TO,0.6802
idea:A2a-20,patent:US20260189520A1,SIMILAR_TO,0.6796
idea:A2a-21,arxiv:2512.10636,SIMILAR_TO,0.7919
idea:A2a-21,arxiv:2512.10636,SIMILAR_TO,0.7919
idea:A2a-21,arxiv:2509.25469,SIMILAR_TO,0.7629
idea:A2a-21,arxiv:2603.03804,SIMILAR_TO,0.7579
idea:A2a-21,arxiv:2603.03804,SIMILAR_TO,0.7579
idea:A2a-22,patent:US20190370367A1,SIMILAR_TO,0.6521
idea:A2a-22,patent:US20260212336A1,SIMILAR_TO,0.6517
idea:A2a-22,patent:US20260187612A1,SIMILAR_TO,0.6507
idea:A2a-22,patent:US12730666B2,SIMILAR_TO,0.6494
idea:A2a-22,patent:US20260289570A1,SIMILAR_TO,0.6478
idea:A2a-23,arxiv:2609.32772,SIMILAR_TO,0.702
idea:A2a-23,arxiv:2609.02014,SIMILAR_TO,0.701
idea:A2a-23,s2:0564c241a546e9f0d16ea2409d5fb277ad62587c,SIMILAR_TO,0.7002
idea:A2a-23,arxiv:2609.02677,SIMILAR_TO,0.6907
idea:A2a-23,arxiv:2609.30940,SIMILAR_TO,0.6889
idea:A2a-24,patent:US12706905B2,SIMILAR_TO,0.6654
idea:A2a-24,arxiv:2606.24897,SIMILAR_TO,0.6633
idea:A2a-24,patent:US20250378488A1,SIMILAR_TO,0.6357
idea:A2a-24,arxiv:2609.31664,SIMILAR_TO,0.631
idea:A2a-24,patent:US20260278615A1,SIMILAR_TO,0.6308
idea:A2a-25,patent:US7707102B2,SIMILAR_TO,0.7371
idea:A2a-25,patent:US12711544B1,SIMILAR_TO,0.7137
idea:A2a-25,patent:US20130006844A1,SIMILAR_TO,0.6961
idea:A2a-25,patent:US20130132268A1,SIMILAR_TO,0.6906
idea:A2a-25,patent:US20180082459A1,SIMILAR_TO,0.6905
idea:A2a-26,patent:US20240221023A1,SIMILAR_TO,0.7228
idea:A2a-26,patent:US12657589B1,SIMILAR_TO,0.7152
idea:A2a-26,patent:US12743697B2,SIMILAR_TO,0.698
idea:A2a-26,patent:US20140211017A1,SIMILAR_TO,0.6953
idea:A2a-26,patent:US20260245097A1,SIMILAR_TO,0.6927
idea:A2a-27,patent:US10178223B1,SIMILAR_TO,0.6948
idea:A2a-27,patent:US11902786B1,SIMILAR_TO,0.6898
idea:A2a-27,patent:US20220141669A1,SIMILAR_TO,0.669
idea:A2a-27,patent:US12302108B2,SIMILAR_TO,0.6638
idea:A2a-27,patent:US20220400384A1,SIMILAR_TO,0.6638
idea:A2a-28,s2:80b842c2c827848989d0617bb95192ded696e6f6,SIMILAR_TO,0.7171
idea:A2a-28,arxiv:2608.26837,SIMILAR_TO,0.7116
idea:A2a-28,arxiv:2111.13666,SIMILAR_TO,0.7049
idea:A2a-28,s2:b630ce9320b5a58ccf0111148f5843f9adf0fb85,SIMILAR_TO,0.7009
idea:A2a-28,arxiv:2204.06122,SIMILAR_TO,0.6998
idea:A2a-29,arxiv:2608.23060,SIMILAR_TO,0.6855
idea:A2a-29,patent:US20150081491A1,SIMILAR_TO,0.6792
idea:A2a-29,arxiv:2609.26606,SIMILAR_TO,0.6741
idea:A2a-29,patent:US20150081483A1,SIMILAR_TO,0.6711
idea:A2a-29,patent:US12749115B2,SIMILAR_TO,0.6677
idea:A2a-30,patent:US11790367B1,SIMILAR_TO,0.7297
idea:A2a-30,patent:US20250384446A1,SIMILAR_TO,0.7295
idea:A2a-30,patent:US20250384444A1,SIMILAR_TO,0.7255
idea:A2a-30,patent:US12406262B2,SIMILAR_TO,0.7218
idea:A2a-30,patent:US20230351399A1,SIMILAR_TO,0.7175
idea:A2b-01,patent:US20260289570A1,SIMILAR_TO,0.7343
idea:A2b-01,patent:US12682339B1,SIMILAR_TO,0.7197
idea:A2b-01,doi:10.1287/mnsc.2024.06807,SIMILAR_TO,0.719
idea:A2b-01,s2:001e949c72cd466cb4680c50c06527b3c707744f,SIMILAR_TO,0.719
idea:A2b-01,patent:US12731148B2,SIMILAR_TO,0.7166
idea:A2b-02,s2:2979066a19169f4f8ee08acb8779d1460f7cef7c,SIMILAR_TO,0.8235
idea:A2b-02,patent:US20260112373A1,SIMILAR_TO,0.7912
idea:A2b-02,s2:aa69292bca52bb0b0c60ba9ecd21a78a413f10cb,SIMILAR_TO,0.7898
idea:A2b-02,s2:5998b2c580560463eabf7d6b12e94781195f61ca,SIMILAR_TO,0.7861
idea:A2b-02,patent:US20260212357A1,SIMILAR_TO,0.7848
idea:A2b-03,s2:b1b6aed5f7486f588a4b92869d9a812f27e03ce3,SIMILAR_TO,0.7649
idea:A2b-03,s2:e18086e4e4cf2a163ecfe6b2bbf831ac811f7237,SIMILAR_TO,0.758
idea:A2b-03,s2:80c0c58464a20a470b417cb086ae592a2c861e82,SIMILAR_TO,0.7543
idea:A2b-03,s2:c677db02c0046b31ffaa3faea55ee67d81b626e6,SIMILAR_TO,0.7424
idea:A2b-03,s2:ab0cd7f404898f818f079d6a5ed2c86288383563,SIMILAR_TO,0.7294
idea:A2b-04,arxiv:2602.17842,SIMILAR_TO,0.7598
idea:A2b-04,arxiv:2608.09378,SIMILAR_TO,0.7279
idea:A2b-04,arxiv:2608.25600,SIMILAR_TO,0.7263
idea:A2b-04,s2:87dc169b9f35e023753b04c00a2ad880f734f056,SIMILAR_TO,0.7197
idea:A2b-04,patent:US20260280878A1,SIMILAR_TO,0.719
idea:A2b-05,s2:b1b6aed5f7486f588a4b92869d9a812f27e03ce3,SIMILAR_TO,0.7147
idea:A2b-05,arxiv:2609.15373,SIMILAR_TO,0.7028
idea:A2b-05,s2:e18086e4e4cf2a163ecfe6b2bbf831ac811f7237,SIMILAR_TO,0.6977
idea:A2b-05,patent:US20230298064A1,SIMILAR_TO,0.6933
idea:A2b-05,s2:ab0cd7f404898f818f079d6a5ed2c86288383563,SIMILAR_TO,0.692
idea:A2b-06,patent:US11276115B1,SIMILAR_TO,0.7489
idea:A2b-06,patent:US10497055B2,SIMILAR_TO,0.7411
idea:A2b-06,patent:US20170011458A1,SIMILAR_TO,0.7406
idea:A2b-06,patent:US20180268479A1,SIMILAR_TO,0.7235
idea:A2b-06,patent:US20230140214A1,SIMILAR_TO,0.7231
idea:A2b-07,patent:US20260222392A1,SIMILAR_TO,0.7427
idea:A2b-07,patent:US20260291748A1,SIMILAR_TO,0.7373
idea:A2b-07,patent:US12732380B2,SIMILAR_TO,0.7353
idea:A2b-07,patent:US12645641B1,SIMILAR_TO,0.7291
idea:A2b-07,patent:US20260252538A1,SIMILAR_TO,0.7247
idea:A2b-08,s2:9703a43574a0193d6686c04ce4a4f38c00d28ccb,SIMILAR_TO,0.819
idea:A2b-08,arxiv:2609.35886,SIMILAR_TO,0.815
idea:A2b-08,arxiv:2606.17555,SIMILAR_TO,0.7969
idea:A2b-08,s2:35f675fa5cf991887bd1890340e10de87b3b565d,SIMILAR_TO,0.7918
idea:A2b-08,s2:927bc8adf94b2ad4682f1eb436152e1bb8c2da2e,SIMILAR_TO,0.7852
idea:A2b-09,arxiv:2608.23858,SIMILAR_TO,0.8401
idea:A2b-09,arxiv:2607.21824,SIMILAR_TO,0.8391
idea:A2b-09,arxiv:2609.00060,SIMILAR_TO,0.8209
idea:A2b-09,s2:9703a43574a0193d6686c04ce4a4f38c00d28ccb,SIMILAR_TO,0.8208
idea:A2b-09,arxiv:2609.11757,SIMILAR_TO,0.8145
idea:A2b-10,patent:US20230104103A1,SIMILAR_TO,0.7259
idea:A2b-10,patent:US12340365B2,SIMILAR_TO,0.7228
idea:A2b-10,patent:US20220374880A1,SIMILAR_TO,0.7195
idea:A2b-10,patent:US12711556B2,SIMILAR_TO,0.7153
idea:A2b-10,patent:US12682381B2,SIMILAR_TO,0.7095
idea:A2b-11,patent:US20180268479A1,SIMILAR_TO,0.7256
idea:A2b-11,patent:US20160328791A1,SIMILAR_TO,0.7137
idea:A2b-11,patent:US20260187264A1,SIMILAR_TO,0.7116
idea:A2b-11,patent:US12711496B1,SIMILAR_TO,0.7095
idea:A2b-11,patent:US12705624B2,SIMILAR_TO,0.7092
idea:A2b-12,arxiv:2609.00060,SIMILAR_TO,0.7813
idea:A2b-12,arxiv:2605.00071,SIMILAR_TO,0.7592
idea:A2b-12,patent:US20260154681A1,SIMILAR_TO,0.7584
idea:A2b-12,arxiv:2609.11757,SIMILAR_TO,0.7542
idea:A2b-12,arxiv:2608.23858,SIMILAR_TO,0.7507
idea:A2b-13,patent:US20160371741A1,SIMILAR_TO,0.7055
idea:A2b-13,patent:US12700034B2,SIMILAR_TO,0.6999
idea:A2b-13,patent:US20260037943A1,SIMILAR_TO,0.6948
idea:A2b-13,patent:US20190012732A1,SIMILAR_TO,0.6888
idea:A2b-13,patent:US20240220950A1,SIMILAR_TO,0.6855
idea:A2b-14,s2:730b996e83ae9924d5b368c828ebe675def30c36,SIMILAR_TO,0.7387
idea:A2b-14,s2:d312950cd3dc28438740b6ba825465681e820856,SIMILAR_TO,0.7351
idea:A2b-14,s2:1be796025de213ef746714b0effc2513803069b9,SIMILAR_TO,0.7323
idea:A2b-14,patent:US20200286053A1,SIMILAR_TO,0.7245
idea:A2b-14,patent:US20170091722A1,SIMILAR_TO,0.7245
idea:A2b-15,s2:18e6beb7ddcf1b6e07e1410846a9dcdffbb3a31e,SIMILAR_TO,0.7556
idea:A2b-15,patent:US20230230085A1,SIMILAR_TO,0.692
idea:A2b-15,s2:2aeb1f0b3c37f2bab29cf61285ced11ac4ec116b,SIMILAR_TO,0.6903
idea:A2b-15,s2:1b0d2484109e522562ae554b8bb476fdc04cd286,SIMILAR_TO,0.6901
idea:A2b-15,patent:US12493879B2,SIMILAR_TO,0.6892
idea:A2b-16,patent:US20260268299A1,SIMILAR_TO,0.6988
idea:A2b-16,patent:US20130151419A1,SIMILAR_TO,0.6988
idea:A2b-16,patent:US20140156531A1,SIMILAR_TO,0.6966
idea:A2b-16,patent:US12694439B2,SIMILAR_TO,0.6953
idea:A2b-16,patent:US20110178884A1,SIMILAR_TO,0.6934
idea:A1-1001-01,doi:10.2139/ssrn.7426879,SIMILAR_TO,0.7246
idea:A1-1001-01,patent:US20260006044A1,SIMILAR_TO,0.7199
idea:A1-1001-01,patent:US20250069082A1,SIMILAR_TO,0.7126
idea:A1-1001-01,patent:US20260187658A1,SIMILAR_TO,0.7052
idea:A1-1001-01,arxiv:2609.15319,SIMILAR_TO,0.7012
idea:A1-1001-02,arxiv:2607.17586,SIMILAR_TO,0.6863
idea:A1-1001-02,arxiv:2608.24127,SIMILAR_TO,0.6769
idea:A1-1001-02,arxiv:2608.17715,SIMILAR_TO,0.6738
idea:A1-1001-02,s2:59f88834c6f1898dc23068c99aca2de118a6adfc,SIMILAR_TO,0.6656
idea:A1-1001-02,patent:US20260245095A1,SIMILAR_TO,0.6651
idea:A1-1001-03,s2:87674657f4a9664d97d372cfe1c0f10b25d30731,SIMILAR_TO,0.8123
idea:A1-1001-03,patent:US12300035B1,SIMILAR_TO,0.809
idea:A1-1001-03,s2:11f5300964aab5cd85dfc9b035f7a8071879c3a9,SIMILAR_TO,0.8057
idea:A1-1001-03,s2:9dff2804b462f4eb3d3318550ce26ec8257c844f,SIMILAR_TO,0.7996
idea:A1-1001-03,s2:6b8b26374cebd7ef6ff26b151aa5bf9c80c52dca,SIMILAR_TO,0.7994
idea:A1-1001-04,patent:US20260212362A1,SIMILAR_TO,0.7843
idea:A1-1001-04,doi:10.2139/ssrn.7478298,SIMILAR_TO,0.7736
idea:A1-1001-04,s2:764eb9e9efc690177710684ac9bf0fee3aff0325,SIMILAR_TO,0.7723
idea:A1-1001-04,patent:US12513168B2,SIMILAR_TO,0.7721
idea:A1-1001-04,s2:ce633f0560e0a56a61892c38e9512cd1f5357bfc,SIMILAR_TO,0.7704
idea:A2b-1001-01,s2:23c7490b635031b1fc5fd493192e786acdeaee2a,SIMILAR_TO,0.7289
idea:A2b-1001-01,patent:US12725159B2,SIMILAR_TO,0.7129
idea:A2b-1001-01,patent:US20140156531A1,SIMILAR_TO,0.7059
idea:A2b-1001-01,patent:US20120150742A1,SIMILAR_TO,0.7033
idea:A2b-1001-01,s2:730b996e83ae9924d5b368c828ebe675def30c36,SIMILAR_TO,0.7027
idea:A2b-1001-02,patent:US20250069082A1,SIMILAR_TO,0.6916
idea:A2b-1001-02,s2:926e1e4e972143e875d9d59981e5cd562fd24896,SIMILAR_TO,0.6893
idea:A2b-1001-02,patent:US20260006044A1,SIMILAR_TO,0.6838
idea:A2b-1001-02,doi:10.1093/9780198972877.003.0107,SIMILAR_TO,0.6772
idea:A2b-1001-02,patent:US20250335923A1,SIMILAR_TO,0.6687
idea:A2b-1001-03,s2:f8438a437b44d2122255f7988f1a22aa7eddace2,SIMILAR_TO,0.7328
idea:A2b-1001-03,s2:32dbafb611b0dfd2476686b6a18aee1b249299ff,SIMILAR_TO,0.7314
idea:A2b-1001-03,s2:ab0cd7f404898f818f079d6a5ed2c86288383563,SIMILAR_TO,0.7289
idea:A2b-1001-03,doi:10.2139/ssrn.7117550,SIMILAR_TO,0.7277
idea:A2b-1001-03,s2:59200ae2db09394286e9de72baa1eb146352d752,SIMILAR_TO,0.7266
idea:A1-1002-01,arxiv:2609.01836,SIMILAR_TO,0.7412
idea:A1-1002-01,s2:899c00b8a21efa78c2b018dc1ae4519d621c87a2,SIMILAR_TO,0.7395
idea:A1-1002-01,arxiv:2608.29381,SIMILAR_TO,0.7308
idea:A1-1002-01,arxiv:2608.25474,SIMILAR_TO,0.727
idea:A1-1002-01,arxiv:2609.14744,SIMILAR_TO,0.7195
idea:A1-1003-01,arxiv:2609.00060,SIMILAR_TO,0.7966
idea:A1-1003-01,arxiv:2608.25474,SIMILAR_TO,0.7804
idea:A1-1003-01,arxiv:2607.21824,SIMILAR_TO,0.7796
idea:A1-1003-01,s2:35f675fa5cf991887bd1890340e10de87b3b565d,SIMILAR_TO,0.7766
idea:A1-1003-01,arxiv:2608.23858,SIMILAR_TO,0.77
